ID,N_RequisitoOriginal,Nombre_criterio,MunEst,Ley_Reglemento,Nombre,Artículo,Fracción y/o Inciso
1,"Conforme al acuerdo mediante el cual se solicitan requisitos y documentación para este trámite, emitido por el Tesorero Municipal y publicado en la gaceta municipal en el mes de junio de 2017.","conforme al acuerdo mediante el cual se solicitan requisitos y documentación para este trámite, emitido por el tesorero municipal y publicado en la gaceta municipal en el mes de junio de 2017.",Municipal,Acuerdo,Acuerdo mediante el cual se solicitan requisitos y documentación para los trámites de Constancia de Identificación de Áreas Municipales y Constancia de no Afectación a Bienes del Dominio Público Municipal,,
2,"En caso que si invadan las áreas municioales, no se entrega una constancia. Se le entrega un documento donde se hace le hacen observaciones de como invade su propiedad las áreas municipales y deberán ser resueltas por el interesado.","en caso que si invadan las áreas municioales, no se entrega una constancia. se le entrega un documento donde se hace le hacen observaciones de como invade su propiedad las áreas municipales y deberán ser resueltas por el interesado.",Municipal,Acuerdo,Acuerdo mediante el cual se solicitan requisitos y documentación para los trámites de Constancia de Identificación de Áreas Municipales y Constancia de no Afectación a Bienes del Dominio Público Municipal,,
3,"Se entrega la constancia, cuando se verifica que su inmueble no invade las áreas municipales.","se entrega la constancia, cuando se verifica que su inmueble no invade las áreas municipales.",Municipal,Acuerdo,Acuerdo mediante el cual se solicitan requisitos y documentación para los trámites de Constancia de Identificación de Áreas Municipales y Constancia de no Afectación a Bienes del Dominio Público Municipal,,
4,Se realiza una revisión para identificar si el inmuebles es propiedad municipal,se realiza una revisión para identificar si el inmuebles es propiedad municipal,Municipal,Acuerdo,Acuerdo mediante el cual se solicitan requisitos y documentación para los trámites de Constancia de Identificación de Áreas Municipales y Constancia de no Afectación a Bienes del Dominio Público Municipal,,
5,La exhibición de la documentación original donde se demuestre el pago doble realizado o la improcedencia,la exhibición de la documentación original donde se demuestre el pago doble realizado o la improcedencia,Estatal,Codigo,Código Fiscal del Estado de Nuevo León.,23,
6,La Dirección de Control Interno e Investigación iniciara una investigación para confirmar si existe o no la Responsabilidad Administrativa.,la dirección de control interno e investigación iniciara una investigación para confirmar si existe o no la responsabilidad administrativa.,Estatal,Ley,Ley de Responsabilidades Administrativas del Estado de Nuevo León,94,
7,Confirmar si existe o pudieran existir actos contrarios a la Ley de Obras Públicas para el Estado y Municipios de Nuevo León o las leyes surjan de ella.,confirmar si existe o pudieran existir actos contrarios a la ley de obras públicas para el estado y municipios de nuevo león o las leyes surjan de ella.,Estatal,Ley,Ley de Obras Públicas para el Estado y Municipios de Nuevo León.,121,
8,Cumplir con todos los requisitos,cumplir con todos los requisitos,Estatal,Ley,"Ley de Asentamientos Humanos, Ordenamiento Territorial y Desarrollo Urbano para el Estado de Nuevo León",269,
9,Sujeto a la identificación y ubicación del documento dentro de las colecciones del acervo Histórico,sujeto a la identificación y ubicación del documento dentro de las colecciones del acervo histórico,Estatal,Ley,Ley de Transparencia y Acceso a la Información Pública del Estado de Nuevo León,157,
10,• Contar con el pago del impuesto predial al corriente.,contar con el pago del impuesto predial al corriente.,Estatal,Ley,Ley de Hacienda para los Municipios del Estado de Nuevo León.,57,
11,• No tener construcción omisa detectada.,no tener construcción omisa detectada.,Estatal,Ley,Ley de Hacienda para los Municipios del Estado de Nuevo León.,57,
12,Cumplir con todos los requisitos,cumplir con todos los requisitos,Estatal,Ley,"Ley de Asentamientos Humanos, Ordenamiento Territorial y Desarrollo Urbano para el Estado de Nuevo León",296,
13,Cumplir con los requisitos correspondientes,cumplir con los requisitos correspondientes,Estatal,Ley,"Ley de Asentamientos Humanos, Ordenamiento Territorial y Desarrollo Urbano para el Estado de Nuevo León",319,
14,Cumplir con todos los requisitos,cumplir con todos los requisitos,Estatal,Ley,"Ley de Asentamientos Humanos, Ordenamiento Territorial y Desarrollo Urbano para el Estado de Nuevo León",314,
15,Cumplir con los requisitos solicitados.,cumplir con los requisitos solicitados.,Estatal,Ley,"Ley de Asentamientos Humanos, Ordenamiento Territorial y Desarrollo Urbano para el Estado de Nuevo León",314,
16,Cumplir con todos los requisitos,cumplir con todos los requisitos,Estatal,Ley,"Ley de Asentamientos Humanos, Ordenamiento Territorial y Desarrollo Urbano para el Estado de Nuevo León",296,
17,"• El fraccionamiento y la urbanización del suelo deberán cumplir con lo dispuesto en los planes, leyes y reglamentos de desarrollo urbano, asentamientos humanos y ordenamiento territorial aplicables, además de lo que determinen las disposiciones de carácter general que expida la autoridad municipal correspondiente","el fraccionamiento y la urbanización del suelo deberán cumplir con lo dispuesto en los planes, leyes y reglamentos de desarrollo urbano, asentamientos humanos y ordenamiento territorial aplicables, además de lo que determinen las disposiciones de carácter general que expida la autoridad municipal correspondiente",Estatal,Ley,"Ley de Asentamientos Humanos, Ordenamiento Territorial y Desarrollo Urbano para el Estado de Nuevo León",280,
18,Presentar documentación completa,presentar documentación completa,Estatal,Ley,"Ley de Asentamientos Humanos, Ordenamiento Territorial y Desarrollo Urbano para el Estado de Nuevo León",280,
19,• Es necesario estar al corriente con el pago del impuesto predial,es necesario estar al corriente con el pago del impuesto predial,Estatal,Ley,"Ley de Asentamientos Humanos, Ordenamiento Territorial y Desarrollo Urbano para el Estado de Nuevo León",262,
20,• Presentar documentación completa,presentar documentación completa,Estatal,Ley,"Ley de Asentamientos Humanos, Ordenamiento Territorial y Desarrollo Urbano para el Estado de Nuevo León",262,
21,Cumplir con todos los requisitos,cumplir con todos los requisitos,Estatal,Ley,"Ley de Asentamientos Humanos, Ordenamiento Territorial y Desarrollo Urbano para el Estado de Nuevo León",296,
22,Cumplir con todos los requisitos solicitados.,cumplir con todos los requisitos solicitados.,Estatal,Ley,"Ley de Asentamientos Humanos, Ordenamiento Territorial y Desarrollo Urbano para el Estado de Nuevo León",308,
23,Cumplir con todos los requisitos,cumplir con todos los requisitos,Estatal,Ley,"Ley de Asentamientos Humanos, Ordenamiento Territorial y Desarrollo Urbano para el Estado de Nuevo León",308,
24,Cumplir con todos los requisitos solicitados,cumplir con todos los requisitos solicitados,Estatal,Ley,"Ley de Asentamientos Humanos, Ordenamiento Territorial y Desarrollo Urbano para el Estado de Nuevo León",308,ll
25,• Es necesario estar al corriente con el pago del impuesto predial,es necesario estar al corriente con el pago del impuesto predial,Estatal,Ley,"Ley de Asentamientos Humanos, Ordenamiento Territorial y Desarrollo Urbano para el Estado de Nuevo León",314,
26,• Presentar documentación completa,presentar documentación completa,Estatal,Ley,"Ley de Asentamientos Humanos, Ordenamiento Territorial y Desarrollo Urbano para el Estado de Nuevo León",314,
27,• Es necesario estar al corriente con el pago del impuesto predial,es necesario estar al corriente con el pago del impuesto predial,Estatal,Ley,"Ley de Asentamientos Humanos, Ordenamiento Territorial y Desarrollo Urbano para el Estado de Nuevo León",316,
28,Presentar documentación completa,presentar documentación completa,Estatal,Ley,"Ley de Asentamientos Humanos, Ordenamiento Territorial y Desarrollo Urbano para el Estado de Nuevo León",316,
29,• Es necesario estar al corriente con el pago del impuesto predial,es necesario estar al corriente con el pago del impuesto predial,Estatal,Ley,"Ley de Asentamientos Humanos, Ordenamiento Territorial y Desarrollo Urbano para el Estado de Nuevo León",316,
30,• Presentar documentación completa,presentar documentación completa,Estatal,Ley,"Ley de Asentamientos Humanos, Ordenamiento Territorial y Desarrollo Urbano para el Estado de Nuevo León",316,
31,• Debe estar acorde con los lineamientos y factibilidad del Plan Municipal de Desarrollo,debe estar acorde con los lineamientos y factibilidad del plan municipal de desarrollo,Estatal,Ley,"Ley de Asentamientos Humanos, Ordenamiento Territorial y Desarrollo Urbano para el Estado de Nuevo León",312,
32,• El uso de suelo solicitado no debe de estar en actividad al momento de ingresar el trámite,el uso de suelo solicitado no debe de estar en actividad al momento de ingresar el trámite,Estatal,Ley,"Ley de Asentamientos Humanos, Ordenamiento Territorial y Desarrollo Urbano para el Estado de Nuevo León",312,
33,• Es necesario estar al corriente con el pago del impuesto predial,es necesario estar al corriente con el pago del impuesto predial,Estatal,Ley,"Ley de Asentamientos Humanos, Ordenamiento Territorial y Desarrollo Urbano para el Estado de Nuevo León",312,
34,Presentar documentación completa,presentar documentación completa,Estatal,Ley,"Ley de Asentamientos Humanos, Ordenamiento Territorial y Desarrollo Urbano para el Estado de Nuevo León",312,
35,Cumplir con todos los requisitos,cumplir con todos los requisitos,Estatal,Ley,"Ley de Asentamientos Humanos, Ordenamiento Territorial y Desarrollo Urbano para el Estado de Nuevo León",296,
36,• Presentar documentación completa,presentar documentación completa,Estatal,Ley,"Ley de Asentamientos Humanos, Ordenamiento Territorial y Desarrollo Urbano para el Estado de Nuevo León",263,
37,• Presentar documentación completa,presentar documentación completa,Estatal,Ley,"Ley de Asentamientos Humanos, Ordenamiento Territorial y Desarrollo Urbano para el Estado de Nuevo León",260,
38,• Contar con el numero de expediente catastral.,contar con el numero de expediente catastral.,Estatal,Ley,Ley de Hacienda para los Municipios del Estado de Nuevo León.,21 bis 8,
39,Cumplir con todos los requisitos,cumplir con todos los requisitos,Estatal,Ley,"Ley de Asentamientos Humanos, Ordenamiento Territorial y Desarrollo Urbano para el Estado de Nuevo León",296,
40,"• El fraccionamiento y la urbanización del suelo deberán cumplir con lo dispuesto en los planes, leyes y reglamentos de desarrollo urbano, asentamientos humanos y ordenamiento territorial aplicables, además de lo que determinen las disposiciones de carácter general que expida la autoridad municipal correspondiente","el fraccionamiento y la urbanización del suelo deberán cumplir con lo dispuesto en los planes, leyes y reglamentos de desarrollo urbano, asentamientos humanos y ordenamiento territorial aplicables, además de lo que determinen las disposiciones de carácter general que expida la autoridad municipal correspondiente",Estatal,Ley,"Ley de Asentamientos Humanos, Ordenamiento Territorial y Desarrollo Urbano para el Estado de Nuevo León",197,
41,• Presentar documentación completa,presentar documentación completa,Estatal,Ley,"Ley de Asentamientos Humanos, Ordenamiento Territorial y Desarrollo Urbano para el Estado de Nuevo León",197,
42,Cumplir con los requisitos solicitados,cumplir con los requisitos solicitados,Estatal,Ley,"Ley de Asentamientos Humanos, Ordenamiento Territorial y Desarrollo Urbano para el Estado de Nuevo León",314,
43,Presentar documentación completa,presentar documentación completa,Estatal,Ley,"Ley de Asentamientos Humanos, Ordenamiento Territorial y Desarrollo Urbano para el Estado de Nuevo León",277,
44,Cumplir con todos los requisitos,cumplir con todos los requisitos,Estatal,Ley,"Ley de Asentamientos Humanos, Ordenamiento Territorial y Desarrollo Urbano para el Estado de Nuevo León",296,
45,Cumplir con todos los requisitos,cumplir con todos los requisitos,Estatal,Ley,"Ley de Asentamientos Humanos, Ordenamiento Territorial y Desarrollo Urbano para el Estado de Nuevo León",296,
46,Cumplir con los requisitos solicitados,cumplir con los requisitos solicitados,Estatal,Ley,"Ley de Asentamientos Humanos, Ordenamiento Territorial y Desarrollo Urbano para el Estado de Nuevo León",319,
47,• Es necesario estar al corriente con el pago del impuesto predial,es necesario estar al corriente con el pago del impuesto predial,Estatal,Ley,"Ley de Asentamientos Humanos, Ordenamiento Territorial y Desarrollo Urbano para el Estado de Nuevo León",308,VII
48,Presentar documentación completa,presentar documentación completa,Estatal,Ley,"Ley de Asentamientos Humanos, Ordenamiento Territorial y Desarrollo Urbano para el Estado de Nuevo León",308,VII
49,Cumplir con todos los requisitos,cumplir con todos los requisitos,Estatal,Ley,"Ley de Asentamientos Humanos, Ordenamiento Territorial y Desarrollo Urbano para el Estado de Nuevo León",296,
50,Se deberá cumplir con todos los requisitos,se deberá cumplir con todos los requisitos,Estatal,Ley,"Ley de Asentamientos Humanos, Ordenamiento Territorial y Desarrollo Urbano para el Estado de Nuevo León",314,
51,Cumplir con los requisitos solicitado,cumplir con los requisitos solicitado,Estatal,Ley,"Ley de Asentamientos Humanos, Ordenamiento Territorial y Desarrollo Urbano para el Estado de Nuevo León",308,
52,"• El fraccionamiento y la urbanización del suelo deberán cumplir con lo dispuesto en los planes, leyes y reglamentos de desarrollo urbano, asentamientos humanos y ordenamiento territorial aplicables, además de lo que determinen las disposiciones de carácter general que expida la autoridad municipal correspondiente","el fraccionamiento y la urbanización del suelo deberán cumplir con lo dispuesto en los planes, leyes y reglamentos de desarrollo urbano, asentamientos humanos y ordenamiento territorial aplicables, además de lo que determinen las disposiciones de carácter general que expida la autoridad municipal correspondiente",Estatal,Ley,"Ley de Asentamientos Humanos, Ordenamiento Territorial y Desarrollo Urbano para el Estado de Nuevo León",400,
53,Presentar documentación completa,presentar documentación completa,Estatal,Ley,"Ley de Asentamientos Humanos, Ordenamiento Territorial y Desarrollo Urbano para el Estado de Nuevo León",400,
54,Cumplir con todos los requisitos,cumplir con todos los requisitos,Estatal,Ley,"Ley de Asentamientos Humanos, Ordenamiento Territorial y Desarrollo Urbano para el Estado de Nuevo León",296,
55,Cumplir con todos los requisitos,cumplir con todos los requisitos,Estatal,Ley,"Ley de Asentamientos Humanos, Ordenamiento Territorial y Desarrollo Urbano para el Estado de Nuevo León",296,
56,Presentar documentación completa,presentar documentación completa,Estatal,Ley,"Ley de Asentamientos Humanos, Ordenamiento Territorial y Desarrollo Urbano para el Estado de Nuevo León",264,
57,"Debidamente integrado el procedimiento administrativo, se dicta la resolución conforme a las disposiciones legales aplicables.","debidamente integrado el procedimiento administrativo, se dicta la resolución conforme a las disposiciones legales aplicables.",Estatal,Ley,"Ley de Asentamientos Humanos, Ordenamiento Territorial y Desarrollo Urbano para el Estado de Nuevo León",423,
58,• La información presentada por el contratista será validada por la Dirección a cargo para resolver el trámite.,la información presentada por el contratista será validada por la dirección a cargo para resolver el trámite.,Estatal,Ley,Ley de Obras Públicas para el Estado y Municipios de Nuevo León.,23 BIS 3,
59,Presentar la documentación respectiva para alimentar la información que debe contener el registro de contratistas,presentar la documentación respectiva para alimentar la información que debe contener el registro de contratistas,Estatal,Ley,Ley de Obras Públicas para el Estado y Municipios de Nuevo León.,23 BIS 3,
60,Cumplir con todos los requisitos,cumplir con todos los requisitos,Estatal,Ley,"Ley de Asentamientos Humanos, Ordenamiento Territorial y Desarrollo Urbano para el Estado de Nuevo León",296,
61,"• Hacer llamada telefónica, mediante redes sociales autorizadas o acudir a las oficinas del departamento de lotes baldíos, mencionar la ubicación del terreno (calle, entre calles y colonia) y datos de quien reporta (opcional), se levanta el reporte y se le da un número de folio","hacer llamada telefónica, mediante redes sociales autorizadas o acudir a las oficinas del departamento de lotes baldíos, mencionar la ubicación del terreno (calle, entre calles y colonia) y datos de quien reporta (opcional), se levanta el reporte y se le da un número de folio",Estatal,Ley,Ley de Hacienda para los Municipios del Estado de Nuevo León.,65,
62,• Posteriormente se le notifica al propietario del lote reportado mediante un requerimiento y se realiza una inspección.,posteriormente se le notifica al propietario del lote reportado mediante un requerimiento y se realiza una inspección.,Estatal,Ley,Ley de Hacienda para los Municipios del Estado de Nuevo León.,65,
63,"Los tipos de respuesta pueden ser los siguientes:
• Notoria Incompetencia
• Información Confidencial
• Información Reservada
• Solicitud improcedente: Cuando no es propiamente una solicitud de información, por ejemplo puede ser un derecho de petición.
• Información Inexistente
• Información Pública Gubernamental: aquella información que ya se encuentra publicada en nuestro portal electrónico municipal.
• Entrega de Información vía PNT: cuando se entrega la respuesta en un archivo adjunto (PDF, docs., xlsx, txt, Zip, etc.).
• Información Disponible: Cuando la información sea entregada de forma presencial, tal como copias, discos compactos, entre otros.
• Información parcialmente Disponible: como lo indica el punto anterior, pero la entrega de la información en esa modalidad sea parcial.
• Consulta Directa: cuando se pone a disposición del solicitante la documentación en las oficinas del sujetos obligado competente para su consulta.","los tipos de respuesta pueden ser los siguientes:
notoria incompetencia
información confidencial
información reservada
solicitud improcedente: cuando no es propiamente una solicitud de información, por ejemplo puede ser un derecho de petición.
información inexistente
información pública gubernamental: aquella información que ya se encuentra publicada en nuestro portal electrónico municipal.
entrega de información vía pnt: cuando se entrega la respuesta en un archivo adjunto (pdf, docs., xlsx, txt, zip, etc.).
información disponible: cuando la información sea entregada de forma presencial, tal como copias, discos compactos, entre otros.
información parcialmente disponible: como lo indica el punto anterior, pero la entrega de la información en esa modalidad sea parcial.
consulta directa: cuando se pone a disposición del solicitante la documentación en las oficinas del sujetos obligado competente para su consulta.",Estatal,Ley,Ley de Protección de Datos Personales en posesión de sujetos obligados del Estado de Nuevo León,"3, 138, 139, 140, 141, 142, 143, 144, 145, 146, 152, 153, 154, 155, 158 y 166",
64,"Los tipos de respuesta pueden ser los siguientes:
• Prevención
• Notoria incompetencia
• Información inexistente
• Entrega de Información vía PNT: Cuando se va a entregar la respuesta en un archivo adjunto (PDF, docx, xlsx, txt, Zip, etc.).
• Información Disponible: Cuando la información se vaya a entregar de forma presencial, como copias, discos compactos, entre otros.
• Información parcialmente disponible: Cuando la información se vaya a entregar de forma presencial, como copias, discos compactos, entre otros. Pero parcialmente.","los tipos de respuesta pueden ser los siguientes:
prevención
notoria incompetencia
información inexistente
entrega de información vía pnt: cuando se va a entregar la respuesta en un archivo adjunto (pdf, docx, xlsx, txt, zip, etc.).
información disponible: cuando la información se vaya a entregar de forma presencial, como copias, discos compactos, entre otros.
información parcialmente disponible: cuando la información se vaya a entregar de forma presencial, como copias, discos compactos, entre otros. pero parcialmente.",Estatal,Ley,Ley de Protección de Datos Personales en posesión de sujetos obligados del Estado de Nuevo León,63 y 64,
65,Cumplir con todos los requisitos,cumplir con todos los requisitos,Estatal,Ley,"Ley de Asentamientos Humanos, Ordenamiento Territorial y Desarrollo Urbano para el Estado de Nuevo León",400,
66,"En todos los casos se deberá:
• Contar con una sola propiedad en el Estado de Nuevo León a nombre del titular y su cónyuge en caso de ser casado (a). En el caso de orfandad, los nombres de los padres son los que prevalecen.
Los requisitos anteriores, en original y copia, deben presentarse para cotejar en la oficina de Impuesto Predial, ubicada en Palacio Municipal, Tercer Piso o en la Delegación de su preferencia. En un plazo no mayor a 20 días hábiles, el contribuyente podrá verificar por vía telefónica o presencial si fue aprobada la tarifa única especial y en su caso realizar el pago correspondiente.
Los impuestos que se determinan para el pago de la tarifa única especial, son conforme a lo dispuesto en la Ley de Hacienda para los Municipios del Estado de Nuevo León.","en todos los casos se deberá:
contar con una sola propiedad en el estado de nuevo león a nombre del titular y su cónyuge en caso de ser casado (a). en el caso de orfandad, los nombres de los padres son los que prevalecen.
los requisitos anteriores, en original y copia, deben presentarse para cotejar en la oficina de impuesto predial, ubicada en palacio municipal, tercer piso o en la delegación de su preferencia. en un plazo no mayor a 20 días hábiles, el contribuyente podrá verificar por vía telefónica o presencial si fue aprobada la tarifa única especial y en su caso realizar el pago correspondiente.
los impuestos que se determinan para el pago de la tarifa única especial, son conforme a lo dispuesto en la ley de hacienda para los municipios del estado de nuevo león.",Estatal,Ley,Ley de Hacienda para los Municipios del Estado de Nuevo León.,21 bis 9,
67,"• Que el valor catastral no exceda de $1,415,204","que el valor catastral no exceda de $1,415,204",Estatal,Ley,Ley de Hacienda para los Municipios del Estado de Nuevo León.,21 bis 9,
68,"Que el valor catastral no exceda de $1,415,204","que el valor catastral no exceda de $1,415,204",Estatal,Ley,Ley de Hacienda para los Municipios del Estado de Nuevo León.,21 bis 9,
69,"Que el valor catastral no exceda de $1,415,204","que el valor catastral no exceda de $1,415,204",Estatal,Ley,Ley de Hacienda para los Municipios del Estado de Nuevo León.,21 bis 9,IV
70,"Que el valor catastral no exceda de $1,415,204","que el valor catastral no exceda de $1,415,204",Estatal,Ley,Ley de Hacienda para los Municipios del Estado de Nuevo León.,21 bis 9,
71,"Que el valor catastral no exceda de $1,415,204","que el valor catastral no exceda de $1,415,204",Estatal,Ley,Ley de Hacienda para los Municipios del Estado de Nuevo León.,21 bis 9,
72,"Que el valor catastral no exceda de $1,415,204","que el valor catastral no exceda de $1,415,204",Estatal,Ley,Ley de Hacienda para los Municipios del Estado de Nuevo León.,21 bis 9,
73,"Que el valor catastral no exceda de $1,415,204","que el valor catastral no exceda de $1,415,204",Estatal,Ley,Ley de Hacienda para los Municipios del Estado de Nuevo León.,21 bis 9,
74,"Que el valor catastral no exceda de $980,289","que el valor catastral no exceda de $980,289",Estatal,Ley,Ley de Hacienda para los Municipios del Estado de Nuevo León.,21 bis 9,
75,"TARIFA ÚNICA ESPECIAL A JUBILADOS O PENSIONADOS
REQUISITOS:
Para el trámite que solicita es indispensable acudir la(s) persona(s) interesada(s) y cumplir con los siguientes requisitos:
• Que la propiedad esté a nombre del solicitante.","tarifa única especial a jubilados o pensionados
requisitos:
para el trámite que solicita es indispensable acudir la(s) persona(s) interesada(s) y cumplir con los siguientes requisitos:
que la propiedad esté a nombre del solicitante.",Estatal,Ley,Ley de Hacienda para los Municipios del Estado de Nuevo León.,21 bis 9,"VIII, e)"
76,"TARIFA ÚNICA ESPECIAL A MUJERES DIVORCIADAS
REQUISITOS:
Para el trámite que solicita es indispensable acudir la(s) persona(s) interesadas(s) y cumplir con los siguientes requisitos:
• Que la propiedad esté al nombre de la solicitante.","tarifa única especial a mujeres divorciadas
requisitos:
para el trámite que solicita es indispensable acudir la(s) persona(s) interesadas(s) y cumplir con los siguientes requisitos:
que la propiedad esté al nombre de la solicitante.",Estatal,Ley,Ley de Hacienda para los Municipios del Estado de Nuevo León.,21 bis 9,
77,"TARIFA ÚNICA ESPECIAL A MUJERES SOLTERAS
REQUISITOS:
Para el trámite que solicita es indispensable acudir la(s) persona(s) interesada(s) y cumplir con los siguientes requisitos:
• Que la propiedad esté al nombre de la solicitante.","tarifa única especial a mujeres solteras
requisitos:
para el trámite que solicita es indispensable acudir la(s) persona(s) interesada(s) y cumplir con los siguientes requisitos:
que la propiedad esté al nombre de la solicitante.",Estatal,Ley,Ley de Hacienda para los Municipios del Estado de Nuevo León.,21 bis 9,
78,"TARIFA ÚNICA ESPECIAL A MUJERES VIUDAS
REQUISITOS:
Para el trámite que solicita es indispensable acudir la(s) persona(s) interesada(s) y cumplir con los siguientes requisitos:
• Que la propiedad esté al nombre del solicitante, o del cónyuge finado.","tarifa única especial a mujeres viudas
requisitos:
para el trámite que solicita es indispensable acudir la(s) persona(s) interesada(s) y cumplir con los siguientes requisitos:
que la propiedad esté al nombre del solicitante, o del cónyuge finado.",Estatal,Ley,Ley de Hacienda para los Municipios del Estado de Nuevo León.,21 bis 9,
79,"TARIFA ÚNICA ESPECIAL A PERSONAS INCAPACITADAS FISICAMENTE PARA TRABAJAR
REQUISITOS:
Para el trámite que solicita es indispensable acudir la(s) persona(s) interesada(s) y cumplir con los siguientes requisitos:
• Que la propiedad esté a nombre del solicitante.","tarifa única especial a personas incapacitadas fisicamente para trabajar
requisitos:
para el trámite que solicita es indispensable acudir la(s) persona(s) interesada(s) y cumplir con los siguientes requisitos:
que la propiedad esté a nombre del solicitante.",Estatal,Ley,Ley de Hacienda para los Municipios del Estado de Nuevo León.,21 bis 9,
80,"TARIFA ÚNICA ESPECIAL PARA HÚERFANOS Y MENORES DE 18 AÑOS
REQUISITOS:
Para el trámite que solicita es indispensable acudir la(s) persona(s) interesadas(s) y cumplir con los siguientes requisitos:
• Que la propiedad esté al nombre del o los padres del solicitante.","tarifa única especial para húerfanos y menores de 18 años
requisitos:
para el trámite que solicita es indispensable acudir la(s) persona(s) interesadas(s) y cumplir con los siguientes requisitos:
que la propiedad esté al nombre del o los padres del solicitante.",Estatal,Ley,Ley de Hacienda para los Municipios del Estado de Nuevo León.,21 bis 9,
81,"TARIFA ÚNICA ESPECIAL PARA PERSONAS CON PREDIOS AFECTADOS AL PATRIMONIO FAMILIAR
REQUISITOS:
Para el trámite que solicita es indispensable acudir la(s) persona(s) interesadas(s) y cumplir con los siguientes requisitos:
• Que la propiedad esté al nombre del solicitante.","tarifa única especial para personas con predios afectados al patrimonio familiar
requisitos:
para el trámite que solicita es indispensable acudir la(s) persona(s) interesadas(s) y cumplir con los siguientes requisitos:
que la propiedad esté al nombre del solicitante.",Estatal,Ley,Ley de Hacienda para los Municipios del Estado de Nuevo León.,21 bis 9,
82,"TARIFA ÚNICA ESPECIAL PARA PREDIOS CON BAJO VALOR CATASTRAL
REQUISITOS:
Para el trámite que solicita es indispensable acudir la(s) persona(s) interesadas(s) y cumplir con los siguientes requisitos:
• Que la propiedad esté al nombre del solicitante.","tarifa única especial para predios con bajo valor catastral
requisitos:
para el trámite que solicita es indispensable acudir la(s) persona(s) interesadas(s) y cumplir con los siguientes requisitos:
que la propiedad esté al nombre del solicitante.",Estatal,Ley,Ley de Hacienda para los Municipios del Estado de Nuevo León.,21 bis 9,
83,No aplica,No aplica,No aplica,No aplica,No aplica,No aplica,No aplica
84,• Contar con el pago del impuesto predial al corriente.,contar con el pago del impuesto predial al corriente.,No disponible,No disponible,No disponible,No disponible,No disponible
85,• Presentar documentación completa.,presentar documentación completa.,No disponible,No disponible,No disponible,No disponible,No disponible
86,• Debe comprobar la necesidad a través de un estudio socio económico.,debe comprobar la necesidad a través de un estudio socio económico.,No disponible,No disponible,No disponible,No disponible,No disponible
87,• Debe existir disponibilidad de recursos en el municipio.,debe existir disponibilidad de recursos en el municipio.,No disponible,No disponible,No disponible,No disponible,No disponible
88,• Debe ser habitante del municipio de Monterrey.,debe ser habitante del municipio de monterrey.,No disponible,No disponible,No disponible,No disponible,No disponible
89,"• No contar con servicios de Seguridad Social (IMSS, ISSTE, ISSSTELEON, etc.)","no contar con servicios de seguridad social (imss, isste, isssteleon, etc.)",No disponible,No disponible,No disponible,No disponible,No disponible
90,• Presentar la documentación completa.,presentar la documentación completa.,No disponible,No disponible,No disponible,No disponible,No disponible
91,Presentar el formato de solicitud de empleo lleno y sin errores.,presentar el formato de solicitud de empleo lleno y sin errores.,No disponible,No disponible,No disponible,No disponible,No disponible
92,• Debe ser habitante del municipio de Monterrey.,debe ser habitante del municipio de monterrey.,No disponible,No disponible,No disponible,No disponible,No disponible
93,Presentar la documentación completa.,presentar la documentación completa.,No disponible,No disponible,No disponible,No disponible,No disponible
94,presentar documentación completa,presentar documentación completa,No disponible,No disponible,No disponible,No disponible,No disponible
95,No aplica,no aplica,No disponible,No disponible,No disponible,No disponible,No disponible
96,No contar con adeudo con la Tesorería Municipal,no contar con adeudo con la tesorería municipal,No disponible,No disponible,No disponible,No disponible,No disponible
97,No contar con adeudos con la Tesorería Municipal,no contar con adeudos con la tesorería municipal,No disponible,No disponible,No disponible,No disponible,No disponible
98,• Es necesario estar al corriente con el pago del impuesto predial,es necesario estar al corriente con el pago del impuesto predial,No disponible,No disponible,No disponible,No disponible,No disponible
99,Presentar documentación completa,presentar documentación completa,No disponible,No disponible,No disponible,No disponible,No disponible
100,"• Si el predio mide mas de 1000 metros cuadrados, tendrá que traer el visto bueno de la SEMARNAT","si el predio mide mas de 1000 metros cuadrados, tendrá que traer el visto bueno de la semarnat",No disponible,No disponible,No disponible,No disponible,No disponible
101,• Debe existir disponibilidad de cupo.,debe existir disponibilidad de cupo.,No disponible,No disponible,No disponible,No disponible,No disponible
102,• Debe ser habitante del municipio de Monterrey.,debe ser habitante del municipio de monterrey.,No disponible,No disponible,No disponible,No disponible,No disponible
103,• Tener la edad establecida para el servicio.,tener la edad establecida para el servicio.,No disponible,No disponible,No disponible,No disponible,No disponible
104,• Debe existir una situación de vulnerabilidad hacia el menor de edad.,debe existir una situación de vulnerabilidad hacia el menor de edad.,No disponible,No disponible,No disponible,No disponible,No disponible
105,Debe ser habitante del municipio de Monterrey.,debe ser habitante del municipio de monterrey.,No disponible,No disponible,No disponible,No disponible,No disponible
106,• Presentar documentación completa.,presentar documentación completa.,No disponible,No disponible,No disponible,No disponible,No disponible
107,• Se realizara una inspección para verificar el avance de la obra y validar que esta sin terminar.,se realizara una inspección para verificar el avance de la obra y validar que esta sin terminar.,No disponible,No disponible,No disponible,No disponible,No disponible
108,Se realizara una inspección por parte del municipio a la ubicación proporcionada para validar o no la existencia de la infracción.,se realizara una inspección por parte del municipio a la ubicación proporcionada para validar o no la existencia de la infracción.,No disponible,No disponible,No disponible,No disponible,No disponible
109,Que se cuente con la información disponible para el periodo de consulta requerido,que se cuente con la información disponible para el periodo de consulta requerido,No disponible,No disponible,No disponible,No disponible,No disponible
110,cumplir con los requisitos,cumplir con los requisitos,No disponible,No disponible,No disponible,No disponible,No disponible
111,"La Secretaría de Seguridad Pública y Vialidad determinará la viabilidad de otorgamiento del permiso.

De ser autorizado, se deberá cubrir el costo del trámite correspondiente, así como proporcionar ruta y destino","la secretaría de seguridad pública y vialidad determinará la viabilidad de otorgamiento del permiso.

de ser autorizado, se deberá cubrir el costo del trámite correspondiente, así como proporcionar ruta y destino",No disponible,No disponible,No disponible,No disponible,No disponible
112,• Cualquier apoyo que requiera para la realización de su evento deberá dirigirla a la dependencia o área correspondiente.,cualquier apoyo que requiera para la realización de su evento deberá dirigirla a la dependencia o área correspondiente.,No disponible,No disponible,No disponible,No disponible,No disponible
113,"• En caso de ser autorizado el uso del espacio, queda a sujeto a cambios para disponibilidad de la Agenda de Eventos de esta Administración Municipal.","en caso de ser autorizado el uso del espacio, queda a sujeto a cambios para disponibilidad de la agenda de eventos de esta administración municipal.",No disponible,No disponible,No disponible,No disponible,No disponible
114,Permiso sujeto a la disponibilidad del espacio solicitado.,permiso sujeto a la disponibilidad del espacio solicitado.,No disponible,No disponible,No disponible,No disponible,No disponible
115,• Presentar solicitud cuando menos 10 días antes del evento.,presentar solicitud cuando menos 10 días antes del evento.,No disponible,No disponible,No disponible,No disponible,No disponible
116,"• Queda estrictamente prohibido.
- Eventos con fines de lucro
- La venta de cualquier producto y/o servicios
- El uso de unidades móviles personales en el área
- Eventos para celebraciones personales","queda estrictamente prohibido.
eventos con fines de lucro
la venta de cualquier producto y/o servicios
el uso de unidades móviles personales en el área
eventos para celebraciones personales",No disponible,No disponible,No disponible,No disponible,No disponible
117,• Debe ser dentro del municipio de Monterrey.,debe ser dentro del municipio de monterrey.,No disponible,No disponible,No disponible,No disponible,No disponible
118,• Deben ser de 15 a 25 personas a tomar el curso.,deben ser de 15 a 25 personas a tomar el curso.,No disponible,No disponible,No disponible,No disponible,No disponible
119,• Espacio amplio y suficiente para impartición de curso,espacio amplio y suficiente para impartición de curso,No disponible,No disponible,No disponible,No disponible,No disponible
120,• Infraestructura para proyecció,infraestructura para proyecció,No disponible,No disponible,No disponible,No disponible,No disponible
121,Contar con el pago del impuesto predial al corriente.,contar con el pago del impuesto predial al corriente.,No disponible,No disponible,No disponible,No disponible,No disponible
122,• No tener construcción omisa detectada.,no tener construcción omisa detectada.,No disponible,No disponible,No disponible,No disponible,No disponible
123,• Contar con tiempo libre una vez a la semana de lunes a viernes,contar con tiempo libre una vez a la semana de lunes a viernes,No disponible,No disponible,No disponible,No disponible,No disponible
124,• Disponibilidad de trasladarse a cualquier colonia del municipio de Monterrey,disponibilidad de trasladarse a cualquier colonia del municipio de monterrey,No disponible,No disponible,No disponible,No disponible,No disponible
125,• Tener espíritu de servicio,tener espíritu de servicio,No disponible,No disponible,No disponible,No disponible,No disponible
126,• Ser habitante de Monterrey,ser habitante de monterrey,Federal,Norma,"Norma Oficial Mexicana NOM-015-SSA3-2012, Para la Atención Integral a Personas con Discapacidad",5.4,
127,• Tener entre 3 años y 17 años 11 meses.,tener entre 3 años y 17 años 11 meses.,Federal,Norma,"Norma Oficial Mexicana NOM-015-SSA3-2012, Para la Atención Integral a Personas con Discapacidad",5.4,
128,"Cumplimiento de requisitos que marca la Ley de Adquisiciones, Arrendamientos y Contrataciones de Servicios del Estado de Nuevo León y su Reglamento.","cumplimiento de requisitos que marca la ley de adquisiciones, arrendamientos y contrataciones de servicios del estado de nuevo león y su reglamento.",Estatal,Reglamento,"Reglamento de la ley de Adquisiciones, Arrendamientos y Contratación de Servicios del Estado de Nuevo León",27,
129,"El cumplimiento de requisitos que marca la Ley de Adquisiciones, Arrendamientos y Contratación de Servicios del Estado de Nuevo León y su Reglamento.","el cumplimiento de requisitos que marca la ley de adquisiciones, arrendamientos y contratación de servicios del estado de nuevo león y su reglamento.",Estatal,Reglamento,"Reglamento de la ley de Adquisiciones, Arrendamientos y Contratación de Servicios del Estado de Nuevo León",27,
130,• Es responsabilidad de cada interesado estar al pendiente de la información del sorteo.,es responsabilidad de cada interesado estar al pendiente de la información del sorteo.,Federal,Reglamento,Reglamento de la Ley del Servicio Militar Nacional,16,
131,"• La Dirección de Concertación Social apoya a recolectar los requisitos solicitados por la Secretaría de la Defensa Nacional (SEDENA) para la elaboración de la media cartilla, posteriormente en el mes de noviembre la SEDENA llevará acabo un sorteo donde se definirá si el interesado debe realizar el servicio militar para concluir con la obtención de su cartilla completa.","la dirección de concertación social apoya a recolectar los requisitos solicitados por la secretaría de la defensa nacional (sedena) para la elaboración de la media cartilla, posteriormente en el mes de noviembre la sedena llevará acabo un sorteo donde se definirá si el interesado debe realizar el servicio militar para concluir con la obtención de su cartilla completa.",Federal,Reglamento,Reglamento de la Ley del Servicio Militar Nacional,16,
132,• La información del sorteo será dada por la SEDENA en los medios que ellos consideren.,la información del sorteo será dada por la sedena en los medios que ellos consideren.,Federal,Reglamento,Reglamento de la Ley del Servicio Militar Nacional,16,
133,"• Cuando existan inconsistencias o irregularidades en la documentación o información presentadas, la Secretaría de Relaciones Exteriores, está facultada para verificar su autenticidad ante la autoridad emisora y podrá requerirle pruebas adicionales que demuestren su nacionalidad e identidad.","cuando existan inconsistencias o irregularidades en la documentación o información presentadas, la secretaría de relaciones exteriores, está facultada para verificar su autenticidad ante la autoridad emisora y podrá requerirle pruebas adicionales que demuestren su nacionalidad e identidad.",Federal,Reglamento,Reglamento de pasaportes y del documento de identidad y viaje,9,
134,"• La verificación ante la autoridad emisora, está sujeta al tiempo de respuesta de cada autoridad, por lo que la expedición del pasaporte quedará sujeta al tiempo que ocupe este proceso.","la verificación ante la autoridad emisora, está sujeta al tiempo de respuesta de cada autoridad, por lo que la expedición del pasaporte quedará sujeta al tiempo que ocupe este proceso.",Federal,Reglamento,Reglamento de pasaportes y del documento de identidad y viaje,9,
135,"• Todos los documentos que se entreguen para realizar el trámite de pasaporte, deberán ser legibles y encontrarse en buen estado sin mutilaciones, tachaduras, enmendaduras, deterioro o alteraciones que impidan tener certeza de su validez.","todos los documentos que se entreguen para realizar el trámite de pasaporte, deberán ser legibles y encontrarse en buen estado sin mutilaciones, tachaduras, enmendaduras, deterioro o alteraciones que impidan tener certeza de su validez.",Federal,Reglamento,Reglamento de pasaportes y del documento de identidad y viaje,9,
136,• Debe existir disponibilidad de cupo,debe existir disponibilidad de cupo,Municipal,Reglamento,Reglamento de la Administración Pública Municipal de Monterrey,129,"I, II, III, IV, VII, XIII, XIV, XV, XX, XXII, XXIII."
137,Es necesario que cumpla con los requisitos solicitados y respete los lineamientos internos de la unidad deportiva.,es necesario que cumpla con los requisitos solicitados y respete los lineamientos internos de la unidad deportiva.,Municipal,Reglamento,Reglamento de la Administración Pública Municipal de Monterrey,129,"I, II, III, IV, VII, XIII, XIV, XV, XX, XXII, XXIII."
138,• Debe ser habitante del municipio de Monterrey.,debe ser habitante del municipio de monterrey.,Municipal,Reglamento,Reglamento de la Administración Pública Municipal de Monterrey,138,
139,• Tener la edad establecida para recibir el servicio.,tener la edad establecida para recibir el servicio.,Municipal,Reglamento,Reglamento de la Administración Pública Municipal de Monterrey,138,
140,• Es necesario estar al corriente con el pago del impuesto predial,es necesario estar al corriente con el pago del impuesto predial,Municipal,Reglamento,"Reglamento para las Construcciones del Municipio de Monterrey, Nuevo León.",20,BIS I
141,Presentar documentación completa,presentar documentación completa,Municipal,Reglamento,"Reglamento para las Construcciones del Municipio de Monterrey, Nuevo León.",20,BIS I
142,"• El establecimiento se debe encontrar a una distancia mínima de 400 metros y contados a partir de los límites de los inmuebles donde se encuentran instaladas instituciones educativas, iglesias, templos, hospitales, clínicas y centros de salud, con excepción de abarrotes, tiendas de conveniencia, tiendas de supermercados, tiendas departamentales, restaurantes y establecimientos cuya actividad principal sea la preparación, expendió, venta y consumo de alimentos, centros o clubes sociales, centros de espectáculos deportivos o recreativos, hoteles y moteles.","el establecimiento se debe encontrar a una distancia mínima de 400 metros y contados a partir de los límites de los inmuebles donde se encuentran instaladas instituciones educativas, iglesias, templos, hospitales, clínicas y centros de salud, con excepción de abarrotes, tiendas de conveniencia, tiendas de supermercados, tiendas departamentales, restaurantes y establecimientos cuya actividad principal sea la preparación, expendió, venta y consumo de alimentos, centros o clubes sociales, centros de espectáculos deportivos o recreativos, hoteles y moteles.",Municipal,Reglamento,"Reglamento que Regula a los Establecimientos de Venta, Expendio o Consumo de Bebidas Alcohólicas en el Municipio de Monterrey, Nuevo León.",29,D
143,• Es necesario estar al corriente con el pago del impuesto predial,es necesario estar al corriente con el pago del impuesto predial,Municipal,Reglamento,"Reglamento que Regula a los Establecimientos de Venta, Expendio o Consumo de Bebidas Alcohólicas en el Municipio de Monterrey, Nuevo León.",30,VIII
144,• Presentar la documentación completa.,presentar la documentación completa.,Municipal,Reglamento,"Reglamento que Regula a los Establecimientos de Venta, Expendio o Consumo de Bebidas Alcohólicas en el Municipio de Monterrey, Nuevo León.",30,
145,• El equipo de trabajo deberá estar disponible,el equipo de trabajo deberá estar disponible,Municipal,Reglamento,Reglamento de la Administración Pública Municipal de Monterrey,129,XIII
146,La unidad deportiva deberá estar disponible,la unidad deportiva deberá estar disponible,Municipal,Reglamento,Reglamento de la Administración Pública Municipal de Monterrey,129,XIII
147,Debe exista disponibilidad de cupo en la institución que realiza el curso.,debe exista disponibilidad de cupo en la institución que realiza el curso.,Municipal,Reglamento,Reglamento Orgánico del Instituto de la Juventud Regia de la Ciudad de Monterrey.,3,
148,• Haber realizado el pago correspondiente a la institución educativa para el curso solicitado.,haber realizado el pago correspondiente a la institución educativa para el curso solicitado.,Municipal,Reglamento,Reglamento Orgánico del Instituto de la Juventud Regia de la Ciudad de Monterrey.,3,
149,• Debe presentar una situación de vulnerabilidad.,debe presentar una situación de vulnerabilidad.,Municipal,Reglamento,Reglamento de la Administración Pública Municipal de Monterrey,135,XIV
150,• Debe ser habitante del municipio de Monterrey.,debe ser habitante del municipio de monterrey.,Municipal,Reglamento,Reglamento de la Administración Pública Municipal de Monterrey,135,XIV
151,• El Municipio de Monterrey no cobra por el apoyo al trámite.,el municipio de monterrey no cobra por el apoyo al trámite.,Municipal,Reglamento,Reglamento de la Administración Pública Municipal de Monterrey,131,X
152,• La Dirección de Vinculación interinstitucional lo apoya con el trámite y al finalizar un notario público será el encargado de elaborar el documento definitivo; los gastos y honorarios del notario son pagados por el interesado.,la dirección de vinculación interinstitucional lo apoya con el trámite y al finalizar un notario público será el encargado de elaborar el documento definitivo; los gastos y honorarios del notario son pagados por el interesado.,Municipal,Reglamento,Reglamento de la Administración Pública Municipal de Monterrey,131,X
153,Presentar solicitud completa.,presentar solicitud completa.,Municipal,Reglamento,"Reglamento Orgánico del Instituto Municipal de Planeación Urbana y Convivencia de Monterrey, Nuevo León.",8,VI
154,• Debe existir disponibilidad de cupo,debe existir disponibilidad de cupo,Municipal,Reglamento,Reglamento Orgánico del Instituto de la Juventud Regia de la Ciudad de Monterrey.,3,
155,Debe haber matriculas disponibles,debe haber matriculas disponibles,Municipal,Reglamento,Reglamento Orgánico del Instituto de la Juventud Regia de la Ciudad de Monterrey.,3,
156,Para cada construcción que tenga frente a la vía pública un solo número oficial.,para cada construcción que tenga frente a la vía pública un solo número oficial.,Municipal,Reglamento,"Reglamento para las Construcciones del Municipio de Monterrey, Nuevo León.","129, 150 y 151",
157,Por ningún motivo será otorgado cuando el lote se encuentre baldío,por ningún motivo será otorgado cuando el lote se encuentre baldío,Municipal,Reglamento,"Reglamento para las Construcciones del Municipio de Monterrey, Nuevo León.","129, 150 y 153",
158,Sólo en los casos de autorización de uso múltiple se podrá otorgar más de un número oficial.,sólo en los casos de autorización de uso múltiple se podrá otorgar más de un número oficial.,Municipal,Reglamento,"Reglamento para las Construcciones del Municipio de Monterrey, Nuevo León.","129, 150 y 152",
159,Que el reporte sea referente a una persona adulta mayor,que el reporte sea referente a una persona adulta mayor,Municipal,Reglamento,Reglamento de la Administración Pública Municipal de Monterrey,137,"IX, XII y XIII"
160,Que la persona a reportar habite en el municipio de Monterrey,que la persona a reportar habite en el municipio de monterrey,Municipal,Reglamento,Reglamento de la Administración Pública Municipal de Monterrey,137,"IX, XII y XIII"
161,Que la persona a reportar se encuentre en una situación de riesgo,que la persona a reportar se encuentre en una situación de riesgo,Municipal,Reglamento,Reglamento de la Administración Pública Municipal de Monterrey,137,"IX, XII y XIII"
162,"La autoridad iniciará la revisión para confirmar si existe o no la responsabilidad por parte de algún servidor público adscrito a la Secretaria de Seguridad y Protección a la Ciudadanía y si es necesario, realizar un informe de presunta responsabilidad.","la autoridad iniciará la revisión para confirmar si existe o no la responsabilidad por parte de algún servidor público adscrito a la secretaria de seguridad y protección a la ciudadanía y si es necesario, realizar un informe de presunta responsabilidad.",Municipal,Reglamento,Reglamento de la Comisión de Honor y Justicia de los Cuerpos de Seguridad Pública y Vialidad del Municipio de Monterrey.,15,VI
163,Constancia y exámenes de curso de manejo impartido por Instituciones autorizadas por el Municipio.,constancia y exámenes de curso de manejo impartido por instituciones autorizadas por el municipio.,Municipal,Reglamento,Reglamento de Tránsito y Vialidad del Municipio de Monterrey,112,
164,Constancia y exámenes de curso de manejo impartido por Instituciones autorizadas por el Municipio.,constancia y exámenes de curso de manejo impartido por instituciones autorizadas por el municipio.,Municipal,Reglamento,Reglamento de Tránsito y Vialidad del Municipio de Monterrey,112,
165,• El servicio se brinda dentro del municipio de Monterrey.,el servicio se brinda dentro del municipio de monterrey.,Municipal,Reglamento,Reglamento de Limpia para el Municipio de Monterrey.,5,
166,• La empresa debe contar con el servicio de disposición de los residuos.,la empresa debe contar con el servicio de disposición de los residuos.,Municipal,Reglamento,Reglamento de Limpia para el Municipio de Monterrey.,12,
167,Realizar el pago correspondiente en Tesorería del municipio.,realizar el pago correspondiente en tesorería del municipio.,Municipal,Reglamento,Reglamento de Limpia para el Municipio de Monterrey.,12,
168,Estar al corriente con los pagos de inscripción en el plantel.,estar al corriente con los pagos de inscripción en el plantel.,Municipal,Reglamento,Reglamento de la Administración Pública Municipal de Monterrey,127,X
169,• Mostrar el comprobante de domicilio de que reside en el municipio de Monterrey.,mostrar el comprobante de domicilio de que reside en el municipio de monterrey.,Municipal,Reglamento,Reglamento de la Administración Pública Municipal de Monterrey,127,X
170,• Alteraciones en la información proporcionada para el llenado de la carta.,alteraciones en la información proporcionada para el llenado de la carta.,Municipal,Reglamento,Reglamentos de Jueces Auxiliares del Municipio de Monterrey,18,VI
171,Criterios de rechazo:,criterios de rechazo:,Municipal,Reglamento,Reglamentos de Jueces Auxiliares del Municipio de Monterrey,18,VI
172,• Deberá ser firmada por 2 testigos e incluir copia de la identificación oficial de los testigos.,deberá ser firmada por 2 testigos e incluir copia de la identificación oficial de los testigos.,Municipal,Reglamento,Reglamentos de Jueces Auxiliares del Municipio de Monterrey,18,VI
173,• Documentos ilegibles.,documentos ilegibles.,Municipal,Reglamento,Reglamentos de Jueces Auxiliares del Municipio de Monterrey,18,VI
174,• Otros criterios que pudiese establecer la secretaria de ayuntamiento.,otros criterios que pudiese establecer la secretaria de ayuntamiento.,Municipal,Reglamento,Reglamentos de Jueces Auxiliares del Municipio de Monterrey,18,VI
175,• Presentar la documentación completa.,presentar la documentación completa.,Municipal,Reglamento,Reglamentos de Jueces Auxiliares del Municipio de Monterrey,18,VI
176,Que la información de referencia sea clara y específica.,que la información de referencia sea clara y específica.,Municipal,Reglamento,Reglamento de la Administración Pública Municipal de Monterrey,21,II
177,"• Al recibir la documentación se realiza una validación de firmas, documentación y veracidad del contenido, si llegara existir alguna inconsistencia nos pondremos en contacto para solicitarle la aclaración y requisitos necesarios para proseguir con el trámite.","al recibir la documentación se realiza una validación de firmas, documentación y veracidad del contenido, si llegara existir alguna inconsistencia nos pondremos en contacto para solicitarle la aclaración y requisitos necesarios para proseguir con el trámite.",Municipal,Reglamento,Reglamentos de Jueces Auxiliares del Municipio de Monterrey,18,VI
178,El trámite de certificación es personal,el trámite de certificación es personal,Municipal,Reglamento,Reglamentos de Jueces Auxiliares del Municipio de Monterrey,18,VI
179,• Presentar la información y documentación completa.,presentar la información y documentación completa.,Municipal,Reglamento,Reglamentos de Jueces Auxiliares del Municipio de Monterrey,18,VI
180,• Todas las copias deben ser legibles (no fotos de celulares).,todas las copias deben ser legibles (no fotos de celulares).,Municipal,Reglamento,Reglamentos de Jueces Auxiliares del Municipio de Monterrey,18,VI
181,• Acreditar la práctica de actividades asistenciales.,acreditar la práctica de actividades asistenciales.,Municipal,Reglamento,Reglamento de la Administración Pública Municipal de Monterrey,135,
182,Presentar toda la documentación requerida.,presentar toda la documentación requerida.,Municipal,Reglamento,Reglamento de la Administración Pública Municipal de Monterrey,135,
183,Presentar la solicitud debidamente llenada y firmada,presentar la solicitud debidamente llenada y firmada,Municipal,Reglamento,Reglamento de Protección Civil de la Ciudad de Monterrey.,12,
184,Cumplir con todos los requisitos,cumplir con todos los requisitos,Municipal,Reglamento,Reglamento de Nomenclatura para la Vía Pública y Bienes del Dominio Público del Municipio de Monterrey.,7,ll
185,La descripción de la información solicitada,la descripción de la información solicitada,Municipal,Reglamento,Reglamento de la Administración Pública Municipal de Monterrey,21,VIII y XIV
186,• Deben ser restos humanos o áridos.,deben ser restos humanos o áridos.,Municipal,Reglamento,Reglamento de Panteones del Municipio de Monterrey.,19,
187,La programación de la cremación queda sujeta a la capacidad de trabajos del crematorio.,la programación de la cremación queda sujeta a la capacidad de trabajos del crematorio.,Municipal,Reglamento,Reglamento de Panteones del Municipio de Monterrey.,21,VI
188,• Para brindar el servicio se programara de acuerdo a la disponibilidad y optima funcionalidad del crematorio.,para brindar el servicio se programara de acuerdo a la disponibilidad y optima funcionalidad del crematorio.,Municipal,Reglamento,Reglamento de Panteones del Municipio de Monterrey.,21,VI
189,• Debe ser comprobable que existe maltrato o violencia hacia el menor de edad que se señale.,debe ser comprobable que existe maltrato o violencia hacia el menor de edad que se señale.,Municipal,Reglamento,"Reglamento del Sistema Municipal de Protección Integral de Niñas, Niños y Adolescentes de Monterrey, Nuevo León","55, 58, 60 y 61",
190,"• Cuando la demolición sea parcial el predio podrá estar habitado, siempre y cuando se adopten las medidas preventivas de seguridad. En cualquier caso, se deberán evitar daños de terceros y a las propiedades colindantes.","cuando la demolición sea parcial el predio podrá estar habitado, siempre y cuando se adopten las medidas preventivas de seguridad. en cualquier caso, se deberán evitar daños de terceros y a las propiedades colindantes.",Municipal,Reglamento,"Reglamento para las Construcciones del Municipio de Monterrey, Nuevo León.",92,
191,• Es necesario estar al corriente con el pago del impuesto predial,es necesario estar al corriente con el pago del impuesto predial,Municipal,Reglamento,"Reglamento para las Construcciones del Municipio de Monterrey, Nuevo León.",92,
192,Presentar documentación completa,presentar documentación completa,Municipal,Reglamento,"Reglamento para las Construcciones del Municipio de Monterrey, Nuevo León.",92,
193,"• Una vez terminados los trabajos de demolición, el Propietario, Poseedor o Director Responsable de Obra tendrá un plazo de 15 días naturales para limpiar el terreno y desperdicios.","una vez terminados los trabajos de demolición, el propietario, poseedor o director responsable de obra tendrá un plazo de 15 días naturales para limpiar el terreno y desperdicios.",Municipal,Reglamento,"Reglamento para las Construcciones del Municipio de Monterrey, Nuevo León.",92,
194,"• Cuando la demolición sea parcial el predio podrá estar habitado, siempre y cuando se adopten las medidas preventivas de seguridad. En cualquier caso, se deberán evitar daños de terceros y a las propiedades colindantes.","cuando la demolición sea parcial el predio podrá estar habitado, siempre y cuando se adopten las medidas preventivas de seguridad. en cualquier caso, se deberán evitar daños de terceros y a las propiedades colindantes.",Municipal,Reglamento,"Reglamento para las Construcciones del Municipio de Monterrey, Nuevo León.",92,
195,• Es necesario estar al corriente con el pago del impuesto predial,es necesario estar al corriente con el pago del impuesto predial,Municipal,Reglamento,"Reglamento para las Construcciones del Municipio de Monterrey, Nuevo León.",92,
196,• Presentar documentación completa,presentar documentación completa,Municipal,Reglamento,"Reglamento para las Construcciones del Municipio de Monterrey, Nuevo León.",92,
197,"• Una vez terminados los trabajos de demolición, el Propietario, Poseedor o Director Responsable de Obra tendrá un plazo de 15 días naturales para limpiar el terreno y desperdicios.","una vez terminados los trabajos de demolición, el propietario, poseedor o director responsable de obra tendrá un plazo de 15 días naturales para limpiar el terreno y desperdicios.",Municipal,Reglamento,"Reglamento para las Construcciones del Municipio de Monterrey, Nuevo León.",92,
198,• Es necesario estar al corriente con el pago del impuesto predial,es necesario estar al corriente con el pago del impuesto predial,Municipal,Reglamento,"Reglamento para las Construcciones del Municipio de Monterrey, Nuevo León.",92,
199,• Presentar documentación completa,presentar documentación completa,Municipal,Reglamento,"Reglamento para las Construcciones del Municipio de Monterrey, Nuevo León.",92,
200,"• Una vez terminados los trabajos de demolición, el Propietario, Poseedor o Director Responsable de Obra tendrá un plazo de 15 días naturales para limpiar el terreno y desperdicios.","una vez terminados los trabajos de demolición, el propietario, poseedor o director responsable de obra tendrá un plazo de 15 días naturales para limpiar el terreno y desperdicios.",Municipal,Reglamento,"Reglamento para las Construcciones del Municipio de Monterrey, Nuevo León.",92,
201,• Es necesario estar al corriente con el pago del impuesto predial,es necesario estar al corriente con el pago del impuesto predial,Municipal,Reglamento,"Reglamento para las Construcciones del Municipio de Monterrey, Nuevo León.",92,
202,Presentar documentación completa,presentar documentación completa,Municipal,Reglamento,"Reglamento para las Construcciones del Municipio de Monterrey, Nuevo León.",92,
203,"• Una vez terminados los trabajos de demolición, el Propietario, Poseedor o Director Responsable de Obra tendrá un plazo de 15 días naturales para limpiar el terreno y desperdicios.","una vez terminados los trabajos de demolición, el propietario, poseedor o director responsable de obra tendrá un plazo de 15 días naturales para limpiar el terreno y desperdicios.",Municipal,Reglamento,"Reglamento para las Construcciones del Municipio de Monterrey, Nuevo León.",92,
204,Presentar documentación completa,presentar documentación completa,Municipal,Reglamento,Reglamento de Protección Ambiental e Imagen Urbana de Monterrey.,109,
205,•El plano del inmueble deberá contar con el antefirma de la Secretaría de Desarrollo Urbano y Ecología o documento que demuestre el antecedente del uso de suelo,el plano del inmueble deberá contar con el antefirma de la secretaría de desarrollo urbano y ecología o documento que demuestre el antecedente del uso de suelo,Municipal,Reglamento,Reglamento de Protección Civil de la Ciudad de Monterrey.,12,
206,• Deberá contar con el pago del impuesto predial del año en curso.,deberá contar con el pago del impuesto predial del año en curso.,Municipal,Reglamento,Reglamento de Protección Civil de la Ciudad de Monterrey.,12,
207,• La Dirección de Protección Civil realizara una revisión al programa para validar que no se encuentren desviaciones.,la dirección de protección civil realizara una revisión al programa para validar que no se encuentren desviaciones.,Municipal,Reglamento,Reglamento de Protección Civil de la Ciudad de Monterrey.,12,
208,• Presentar la documentación completa.,presentar la documentación completa.,Municipal,Reglamento,Reglamento de Protección Civil de la Ciudad de Monterrey.,12,
209,El predio no debe de presentar adeudos en el pago del impuesto predia,el predio no debe de presentar adeudos en el pago del impuesto predia,Municipal,Reglamento,Reglamento de Protección Civil de la Ciudad de Monterrey.,12,XXVI
210,"La superficie no debe exceder a los 1,500 metros de construcción","la superficie no debe exceder a los 1,500 metros de construcción",Municipal,Reglamento,Reglamento de Protección Civil de la Ciudad de Monterrey.,12,XXVI
211,Presentar la documentación completa.,presentar la documentación completa.,Municipal,Reglamento,Reglamento de Protección Civil de la Ciudad de Monterrey.,12,
212,"Se realizará una inspección por el personal de la Dirección de Protección Civil a los juegos mecánicos o instalaciones de los circos, para validar el correcto funcionamiento y cumplimiento de las medidas de seguridad.","se realizará una inspección por el personal de la dirección de protección civil a los juegos mecánicos o instalaciones de los circos, para validar el correcto funcionamiento y cumplimiento de las medidas de seguridad.",Municipal,Reglamento,Reglamento de Protección Civil de la Ciudad de Monterrey.,12,
213,"Contar con personal adscrito a la Dirección de Tránsito, que permita brindar el servicio, atendiendo a la carga laboral existente y disponibilidad de unidad de traslado.","contar con personal adscrito a la dirección de tránsito, que permita brindar el servicio, atendiendo a la carga laboral existente y disponibilidad de unidad de traslado.",Municipal,Reglamento,Reglamento de Tránsito y Vialidad del Municipio de Monterrey,124 BIS 1,
214,•Cubrir el monto de la multa;,cubrir el monto de la multa,Municipal,Reglamento,Reglamento de Tránsito y Vialidad del Municipio de Monterrey,166,"II, b"
215,•Que haya transcurrido el tiempo de suspensión decretado.,que haya transcurrido el tiempo de suspensión decretado.,Municipal,Reglamento,Reglamento de Tránsito y Vialidad del Municipio de Monterrey,166,"II, b"
216,"• Comprobar el buen estado de salud de la niña, niño o adolescente.","comprobar el buen estado de salud de la niña, niño o adolescente.",Municipal,Reglamento,Reglamento de la Administración Pública Municipal de Monterrey,136,VIII
217,• Debe exista disponibilidad de cupo.,debe exista disponibilidad de cupo.,Municipal,Reglamento,Reglamento de la Administración Pública Municipal de Monterrey,136,VIII
218,• Haber presentado toda la documentación requerida.,haber presentado toda la documentación requerida.,Municipal,Reglamento,Reglamento de la Administración Pública Municipal de Monterrey,136,VIII
219,"• Madre, padre o tutor vivan o trabajen en la ciudad de Monterrey.","madre, padre o tutor vivan o trabajen en la ciudad de monterrey.",Municipal,Reglamento,Reglamento de la Administración Pública Municipal de Monterrey,136,VIII
220,"• Ser madre, padre o tutor trabajador o estar a punto de ingresar a trabajar.","ser madre, padre o tutor trabajador o estar a punto de ingresar a trabajar.",Municipal,Reglamento,Reglamento de la Administración Pública Municipal de Monterrey,136,VIII
221,• Comprobar el buen estado de salud de la niña o niño.,comprobar el buen estado de salud de la niña o niño.,Municipal,Reglamento,Reglamento de la Administración Pública Municipal de Monterrey,136,VIII
222,• Debe exista disponibilidad de cupo,debe exista disponibilidad de cupo,Municipal,Reglamento,Reglamento de la Administración Pública Municipal de Monterrey,136,VIII
223,• Haber presentado toda la documentación requerida.,haber presentado toda la documentación requerida.,Municipal,Reglamento,Reglamento de la Administración Pública Municipal de Monterrey,136,VIII
224,"• Madre, padre o tutor vivan o trabajen en la ciudad de Monterrey.","madre, padre o tutor vivan o trabajen en la ciudad de monterrey.",Municipal,Reglamento,Reglamento de la Administración Pública Municipal de Monterrey,136,VIII
225,"• Ser madre, padre o tutor trabajador o estar a punto de ingresar a trabajar.","ser madre, padre o tutor trabajador o estar a punto de ingresar a trabajar.",Municipal,Reglamento,Reglamento de la Administración Pública Municipal de Monterrey,136,VIII
226,Debe cumplir con la vigencia mínima de 6 años para ex humar.,debe cumplir con la vigencia mínima de 6 años para ex humar.,Municipal,Reglamento,Reglamento de Panteones del Municipio de Monterrey.,24,
227,• La programación de la exhumación queda sujeta a la capacidad de trabajo de cada panteón.,la programación de la exhumación queda sujeta a la capacidad de trabajo de cada panteón.,Municipal,Reglamento,Reglamento de Panteones del Municipio de Monterrey.,24,VI
228,• Los restos se encuentren dentro de un panteón del municipio de Monterrey.,los restos se encuentren dentro de un panteón del municipio de monterrey.,Municipal,Reglamento,Reglamento de Panteones del Municipio de Monterrey.,24,
229,• El usuario (a) debe contar con valoración médica.,el usuario (a) debe contar con valoración médica.,Municipal,Reglamento,Reglamento de la Administración Pública Municipal de Monterrey,139,V
230,• El usuario (a) debe habitar en el municipio de Monterrey.,el usuario (a) debe habitar en el municipio de monterrey.,Municipal,Reglamento,Reglamento de la Administración Pública Municipal de Monterrey,139,V
231,• El usuario (a) debe tener algún tipo de discapacidad permanente.,el usuario (a) debe tener algún tipo de discapacidad permanente.,Municipal,Reglamento,Reglamento de la Administración Pública Municipal de Monterrey,139,V
232,• El usuario (a) debe tener entre 2 y 14 años de edad.,el usuario (a) debe tener entre 2 y 14 años de edad.,Municipal,Reglamento,Reglamento de la Administración Pública Municipal de Monterrey,139,V
233,"• La madre, padre o tutor deben tener empleo.","la madre, padre o tutor deben tener empleo.",Municipal,Reglamento,Reglamento de la Administración Pública Municipal de Monterrey,139,V
234,• El interesado que solicite el trámite debe ser familiar directo de la persona a sepultar.,el interesado que solicite el trámite debe ser familiar directo de la persona a sepultar.,Municipal,Reglamento,Reglamento de Panteones del Municipio de Monterrey.,16,XI
235,"• Realizar el pago de ""Orden para la explotación de bienes municipales""","realizar el pago de ""orden para la explotación de bienes municipales""",Municipal,Reglamento,Reglamento de Panteones del Municipio de Monterrey.,16,XII
236,Servicio sujeto a la programación de las actividades del panteón.,servicio sujeto a la programación de las actividades del panteón.,Municipal,Reglamento,Reglamento de Panteones del Municipio de Monterrey.,16,XIV
237,• Debe existir disponibilidad de cupo,debe existir disponibilidad de cupo,Municipal,Reglamento,Reglamento de la Administración Pública Municipal de Monterrey,128,X
238,• Sujeto a disponibilidad de horario,sujeto a disponibilidad de horario,Municipal,Reglamento,Reglamento de la Administración Pública Municipal de Monterrey,128,X
239,• Vivir en el municipio de Monterrey.,vivir en el municipio de monterrey.,Municipal,Reglamento,Reglamento de la Administración Pública Municipal de Monterrey,128,X
240,• La solicitud será atendida en el orden en que se reciben.,la solicitud será atendida en el orden en que se reciben.,Municipal,Reglamento,Reglamento de la Administración Pública Municipal de Monterrey,121,
241,• Se realizará una revisión inicial de la ubicación.,se realizará una revisión inicial de la ubicación.,Municipal,Reglamento,Reglamento de la Administración Pública Municipal de Monterrey,121,
242,"• La Dirección de Vinculación Interinstitucional apoya en recibir la documentación y la presenta a la autoridad, la cual debe resolver la solicitud de sucesión; el criterio para la resolución final queda a consideración y cumplimiento de los requisitos impuestos por las Leyes del Estado y los criterios de la autoridad judicial.","la dirección de vinculación interinstitucional apoya en recibir la documentación y la presenta a la autoridad, la cual debe resolver la solicitud de sucesión; el criterio para la resolución final queda a consideración y cumplimiento de los requisitos impuestos por las leyes del estado y los criterios de la autoridad judicial.",Municipal,Reglamento,Reglamento de la Administración Pública Municipal de Monterrey,131,X
243,"• Una vez teniendo conocimiento de la fecha y hora, la Dirección de Partición Ciudadana designará a un representante a fin de que acuda a dicha asamblea y certifique la validez legal de su constitución, así como la elección de su mesa directiva.
• La convocatoria se hará llegar de forma personal a todos los vecinos de la colonia con acuse de recibo, lugar, día y hora en que deba celebrarse en primera y en segunda convocatoria la asamblea.
• Debe ser vecino del sector y mayor de edad, presentando credencial de elector, así como ser de reconocida honorabilidad.
• Se elegirá la mesa directiva, siempre y cuando asistan a la primera convocatoria cuando menos el 25% de los vecinos, y en la segunda convocatoria, cuando menos el 15%.
• Las mesas directivas de las juntas de vecinos deberán estar integradas por lo menos, por un presidente, un secretario y un tesorero, así como los suplentes respectivos, quienes competirán en planillas completas.
• La votación será personal.
• La mención de que se levantará un acta circunstanciada de dicha asamblea, la cual quedará registrada ante la Dirección.
• La asamblea constitutiva elegirá a un presidente, un secretario, un tesorero y dos escrutadores.
• Se levantará un acta circunstanciada, cuya copia será entregada al representante de la secretaría, quien será el conducto para el registro de la misma ante la autoridad municipal, lo que se efectuará en un plazo no mayor de 72 horas.","una vez teniendo conocimiento de la fecha y hora, la dirección de partición ciudadana designará a un representante a fin de que acuda a dicha asamblea y certifique la validez legal de su constitución, así como la elección de su mesa directiva.
la convocatoria se hará llegar de forma personal a todos los vecinos de la colonia con acuse de recibo, lugar, día y hora en que deba celebrarse en primera y en segunda convocatoria la asamblea.
debe ser vecino del sector y mayor de edad, presentando credencial de elector, así como ser de reconocida honorabilidad.
se elegirá la mesa directiva, siempre y cuando asistan a la primera convocatoria cuando menos el 25% de los vecinos, y en la segunda convocatoria, cuando menos el 15%.
las mesas directivas de las juntas de vecinos deberán estar integradas por lo menos, por un presidente, un secretario y un tesorero, así como los suplentes respectivos, quienes competirán en planillas completas.
la votación será personal.
la mención de que se levantará un acta circunstanciada de dicha asamblea, la cual quedará registrada ante la dirección.
la asamblea constitutiva elegirá a un presidente, un secretario, un tesorero y dos escrutadores.
se levantará un acta circunstanciada, cuya copia será entregada al representante de la secretaría, quien será el conducto para el registro de la misma ante la autoridad municipal, lo que se efectuará en un plazo no mayor de 72 horas.",Municipal,Reglamento,"Reglamento de Participación Ciudadana del Municipio de Monterrey, Nuevo León.",42,
244,Identificación del propietario o persona que solicita,identificación del propietario o persona que solicita,Municipal,Reglamento,Reglamento de Protección Civil de la Ciudad de Monterrey.,12,
245,Comprobar la propiedad o legal posesión del vehículo,comprobar la propiedad o legal posesión del vehículo,Municipal,Reglamento,Reglamento de Tránsito y Vialidad del Municipio de Monterrey,164,IV
246,No contar con adeudo de infracciones,no contar con adeudo de infracciones,Municipal,Reglamento,Reglamento de Tránsito y Vialidad del Municipio de Monterrey,166,IV
247,• Es necesario estar al corriente con el pago del impuesto predial,es necesario estar al corriente con el pago del impuesto predial,Municipal,Reglamento,"Reglamento para las Construcciones del Municipio de Monterrey, Nuevo León.",20,
248,• Presentar documentación completa,presentar documentación completa,Municipal,Reglamento,"Reglamento para las Construcciones del Municipio de Monterrey, Nuevo León.",20,
249,• Es necesario estar al corriente con el pago del impuesto predial,es necesario estar al corriente con el pago del impuesto predial,Municipal,Reglamento,"Reglamento de Zonificación y Uso de Suelo del Municipio de Monterrey, Nuevo León.",17,
250,• Presentar documentación completa,presentar documentación completa,Municipal,Reglamento,"Reglamento de Zonificación y Uso de Suelo del Municipio de Monterrey, Nuevo León.",17,
251,• Es necesario estar al corriente con el pago del impuesto predial,es necesario estar al corriente con el pago del impuesto predial,Municipal,Reglamento,"Reglamento para las Construcciones del Municipio de Monterrey, Nuevo León.",20,
252,• Presentar documentación completa,presentar documentación completa,Municipal,Reglamento,"Reglamento para las Construcciones del Municipio de Monterrey, Nuevo León.",20,
253,• La solicitud debe cumplir con todos los requerimientos y requisitos necesarios para entrar dentro de la ventanilla SARE,la solicitud debe cumplir con todos los requerimientos y requisitos necesarios para entrar dentro de la ventanilla sare,Municipal,Reglamento,"ley de Asentamientos Humanos, Ordenamiento Territorial y Desarrollo Urbano para el Estado de Nuevo León",200,
254,• Presentar documentación completa,presentar documentación completa,Municipal,Reglamento,"Reglamento de Zonificación y Uso de Suelo del Municipio de Monterrey, Nuevo León.",200,
255,• Es necesario estar al corriente con el pago del impuesto predial,es necesario estar al corriente con el pago del impuesto predial,Municipal,Reglamento,"Reglamento de Zonificación y Uso de Suelo del Municipio de Monterrey, Nuevo León.",162,
256,• Presentar documentación completa,presentar documentación completa,Municipal,Reglamento,"Reglamento de Zonificación y Uso de Suelo del Municipio de Monterrey, Nuevo León.",162,
257,Debe ser habitante del municipio de Monterrey,debe ser habitante del municipio de monterrey,Municipal,Reglamento,Reglamento de la Administración Pública Municipal de Monterrey,135,VIII y X
258,La niña o niño debe tener la edad establecida para recibir el servicio,la niña o niño debe tener la edad establecida para recibir el servicio,Municipal,Reglamento,Reglamento de la Administración Pública Municipal de Monterrey,135,VIII y X
259,Presentar toda la documentación solicitada,presentar toda la documentación solicitada,Municipal,Reglamento,Reglamento de la Administración Pública Municipal de Monterrey,135,VIII y X
260,El panteón en que se va a sepultar debe estar dentro del Municipio de Monterrey.,el panteón en que se va a sepultar debe estar dentro del municipio de monterrey.,Municipal,Reglamento,Reglamento de panteones del Municipio de Monterrey.,37,
261,Revisar si existen adeudos de multas que impidan hacer el pago de refrendo.,revisar si existen adeudos de multas que impidan hacer el pago de refrendo.,Municipal,Reglamento,"Reglamento que Regula a los Establecimientos de Venta, Expendio o Consumo de Bebidas Alcohólicas en el Municipio de Monterrey, Nuevo León.",33,
262,• Contar con el pago del impuesto predial al corriente.,contar con el pago del impuesto predial al corriente.,Municipal,Reglamento,Reglamento de la Administración Pública del Municipio de Monterrey,35,
263,• Presentar documentación completa.,presentar documentación completa.,Municipal,Reglamento,Reglamento de la Administración Pública del Municipio de Monterrey,35,
264,Presentar documentación completa,presentar documentación completa,Municipal,Reglamento,Reglamento de Anuncios de la Ciudad de Monterrey,44,
265,"El diseño de cada anuncio comprenderá las estructuras, soportes, anclajes y cualquier elemento que sirva para fijarlo o sostenerlo, así como sus accesorios e instalaciones, de forma tal que armonice con la cartelera del anuncio, con el inmueble en que queda colocado y con el paisaje urbano de la zona en que se ubica.","el diseño de cada anuncio comprenderá las estructuras, soportes, anclajes y cualquier elemento que sirva para fijarlo o sostenerlo, así como sus accesorios e instalaciones, de forma tal que armonice con la cartelera del anuncio, con el inmueble en que queda colocado y con el paisaje urbano de la zona en que se ubica.",Municipal,Reglamento,Reglamento de Anuncios de la Ciudad de Monterrey.,28,
266,A una altura mínima 2.50 mts. del suelo,a una altura mínima 2.50 mts. del suelo,Municipal,Reglamento,Reglamento de Anuncios de la Ciudad de Monterrey,26,
267,Que sean instalados en luminarias de avenidas principales,que sean instalados en luminarias de avenidas principales,Municipal,Reglamento,Reglamento de Anuncios de la Ciudad de Monterrey,26,
268,"• La propaganda distribuida en forma de volantes o folletos, solamente se permitirá cuando sea repartida en los domicilios particulares.","la propaganda distribuida en forma de volantes o folletos, solamente se permitirá cuando sea repartida en los domicilios particulares.",Municipal,Reglamento,Reglamento de Anuncios de la Ciudad de Monterrey,29,
269,• Queda prohibida la distribución en el centro metropolitano definido en el Plan Parcial de Desarrollo Urbano.,queda prohibida la distribución en el centro metropolitano definido en el plan parcial de desarrollo urbano.,Municipal,Reglamento,Reglamento de Anuncios de la Ciudad de Monterrey,29,
270,• En caso de una nueva construcción en la ubicación,en caso de una nueva construcción en la ubicación,Municipal,Reglamento,Reglamento de Protección Ambiental e Imagen Urbana de Monterrey.,"33, 34 y 36",
271,• Es necesario estar al corriente con el pago del impuesto predial,es necesario estar al corriente con el pago del impuesto predial,Municipal,Reglamento,Reglamento de Protección Ambiental e Imagen Urbana de Monterrey.,"33, 34 y 36",
272,Presentar documentación completa,presentar documentación completa,Municipal,Reglamento,Reglamento de Protección Ambiental e Imagen Urbana de Monterrey.,"33, 34 y 36",
273,• Que existan daños a propiedad,que existan daños a propiedad,Municipal,Reglamento,Reglamento de Protección Ambiental e Imagen Urbana de Monterrey.,"33, 34 y 36",
274,• Que las condiciones del árbol lo requieran,que las condiciones del árbol lo requieran,Municipal,Reglamento,Reglamento de Protección Ambiental e Imagen Urbana de Monterrey.,"33, 34 y 36",
275,• Debe cumplir con los requisitos establecidos.,debe cumplir con los requisitos establecidos.,Municipal,Reglamento,"Reglamento para las Construcciones del Municipio de Monterrey, Nuevo León.",134 - 142,
276,Debe ser dentro del área del municipio de Monterrey.,debe ser dentro del área del municipio de monterrey.,Municipal,Reglamento,"Reglamento para las Construcciones del Municipio de Monterrey, Nuevo León.",134 - 142,
277,• Debe ser el titular de la propiedad o un representante quien lo solicite.,debe ser el titular de la propiedad o un representante quien lo solicite.,Municipal,Reglamento,"Reglamento para las Construcciones del Municipio de Monterrey, Nuevo León.",134 - 142,
278,• Realizar el pago correspondiente.,realizar el pago correspondiente.,Municipal,Reglamento,"Reglamento para las Construcciones del Municipio de Monterrey, Nuevo León.",134,
279,Cumplir con los requisitos correspondientes,cumplir con los requisitos correspondientes,Municipal,Reglamento,Reglamento de la Administración Pública Municipal de Monterrey,65,
280,• Cumplir con los requisitos solicitados,cumplir con los requisitos solicitados,Municipal,Reglamento,"Reglamento de Espectáculos Públicos para el Municipio de Monterrey, Nuevo León.",7,
281,• Presentar la solicitud debidamente llenada y firmada,presentar la solicitud debidamente llenada y firmada,Municipal,Reglamento,"Reglamento de Espectáculos Públicos para el Municipio de Monterrey, Nuevo León.",6,
282,• En ambos casos el arreglo no debe exceder de un metro de tumba.,en ambos casos el arreglo no debe exceder de un metro de tumba.,Municipal,Reglamento,Reglamento de Panteones del Municipio de Monterrey.,38,IV
283,En las tumbas en renta solo podrá construir un cerco sin colocar lápidas y un nicho.,en las tumbas en renta solo podrá construir un cerco sin colocar lápidas y un nicho.,Municipal,Reglamento,Reglamento de Panteones del Municipio de Monterrey.,38,IV
284,"• Para las tumbas con título de perpetuidad se podrán construir gavetas, lapidas y el nicho.","para las tumbas con título de perpetuidad se podrán construir gavetas, lapidas y el nicho.",Municipal,Reglamento,Reglamento de Panteones del Municipio de Monterrey.,38,IV
285,"No tener adeudos por concepto de infracciones, sanciones, multas o refrendos.","no tener adeudos por concepto de infracciones, sanciones, multas o refrendos.",Municipal,Reglamento,Reglamento de Anuncios de la Ciudad de Monterrey,44,
286,Debe existir disponibilidad del espacio solicitado,debe existir disponibilidad del espacio solicitado,Municipal,Reglamento,Reglamento de la Administración Pública Municipal de Monterrey,124,
287,"La Dirección de Participación Ciudadana apoya con la mediación entre las partes involucradas, el mediador solo interviene para que ellos lleguen a un acuerdo y solucionen el conflicto.","la dirección de participación ciudadana apoya con la mediación entre las partes involucradas, el mediador solo interviene para que ellos lleguen a un acuerdo y solucionen el conflicto.",Municipal,Reglamento,"Reglamento de Participación Ciudadana del Municipio de Monterrey, Nuevo León.",115,
288,• Debe comprobar la necesidad a través de un estudio socio económico.,debe comprobar la necesidad a través de un estudio socio económico.,Municipal,Reglamento,Reglamento de la Administración Pública Municipal de Monterrey,137,
289,• Debe existir disponibilidad de recursos en el municipio.,debe existir disponibilidad de recursos en el municipio.,Municipal,Reglamento,Reglamento de la Administración Pública Municipal de Monterrey,137,
290,• Debe ser habitante del municipio de Monterrey.,debe ser habitante del municipio de monterrey.,Municipal,Reglamento,Reglamento de la Administración Pública Municipal de Monterrey,137,
291,• Haber sido afectado por un incendio o desastre natural,haber sido afectado por un incendio o desastre natural,Municipal,Reglamento,Reglamento de la Administración Pública Municipal de Monterrey,137,
292,• Presentar la documentación completa.,presentar la documentación completa.,Municipal,Reglamento,Reglamento de la Administración Pública Municipal de Monterrey,137,
293,• Debe ser adulto mayor de 60 años de edad.,debe ser adulto mayor de 60 años de edad.,Municipal,Reglamento,Reglamento de la Administración Pública Municipal de Monterrey,137,
294,• Debe ser habitante del municipio de Monterrey.,debe ser habitante del municipio de monterrey.,Municipal,Reglamento,Reglamento de la Administración Pública Municipal de Monterrey,137,
295,• Presentar la documentación completa.,presentar la documentación completa.,Municipal,Reglamento,Reglamento de la Administración Pública Municipal de Monterrey,137,
296,• En caso de existir avance de obra éste debe de coincidir con el proyecto previamente autorizado,en caso de existir avance de obra éste debe de coincidir con el proyecto previamente autorizado,Municipal,Reglamento,"Reglamento para las Construcciones del Municipio de Monterrey, Nuevo León.",28,
297,• Es necesario estar al corriente con el pago del impuesto predial,es necesario estar al corriente con el pago del impuesto predial,Municipal,Reglamento,"Reglamento para las Construcciones del Municipio de Monterrey, Nuevo León.",28,
298,• Presentar documentación completa,presentar documentación completa,Municipal,Reglamento,"Reglamento para las Construcciones del Municipio de Monterrey, Nuevo León.",28,
299,Debe existir disponibilidad del espacio solicitado,debe existir disponibilidad del espacio solicitado,Municipal,Reglamento,Reglamento de la Administración Pública Municipal de Monterrey,83,ll
300,• Debe cumplir con la vigencia mínima de 6 años para ex humar.,debe cumplir con la vigencia mínima de 6 años para ex humar.,Municipal,Reglamento,Reglamento de Panteones del Municipio de Monterrey.,33,
301,• Se debe contar con una fosa asignada.,se debe contar con una fosa asignada.,Municipal,Reglamento,Reglamento de Panteones del Municipio de Monterrey.,27,
302,Servicio sujeto a la programación de las actividades del panteón.,servicio sujeto a la programación de las actividades del panteón.,Municipal,Reglamento,Reglamento de Panteones del Municipio de Monterrey.,26,VII
303,- El escrito que se presenta deberá contener la mención expresa “BAJO PROTESTA DE DECIR VERDAD QUE LA RECLAMACIÓN NO SE HA INICIADO POR OTRA VÍA”,el escrito que se presenta deberá contener la mención expresa “bajo protesta de decir verdad que la reclamación no se ha iniciado por otra vía”,Municipal,Reglamento,Reglamento de la Administración Pública Municipal de Monterrey,24,XIX
304,- Presentar la papelería completa,presentar la papelería completa,Municipal,Reglamento,Reglamento de la Administración Pública Municipal de Monterrey,24,XIX
305,• Es necesario estar al corriente con el pago del impuesto predial,es necesario estar al corriente con el pago del impuesto predial,Municipal,Reglamento,"Reglamento para las Construcciones del Municipio de Monterrey, Nuevo León.",20,
306,• Presentar documentación completa,presentar documentación completa,Municipal,Reglamento,"Reglamento de Zonificación y Uso de Suelo del Municipio de Monterrey, Nuevo León.",20,
307,Realizar el pago correspondiente.,realizar el pago correspondiente.,Municipal,Reglamento,Reglamento de Panteones del Municipio de Monterrey.,37,
308,"• La Dirección de Participación Ciudadana analizará los elementos aportados y emitirá una opinión mediante lacual proponga la aprobación o negativa de la autorización.
• Ésta autorización será turnada a la Comisión de Participación Ciudadana del Ayuntamiento de Monterrey para su respectiva deliberación.
• La Comisión de Participación Ciudadana es la encargada de la recepción y estudio de la opinión presentada por la Dirección de Participación Ciudadana, la elaboración del dictamen respectivo y su presentación ante el Ayuntamiento para la aprobación o negativa del mismo.
• La autorización será por tiempo determinado y no podrá exceder de 4 años.
• La autorización del Ayuntamiento será publicada en la gaceta municipal y el en periódico oficial del estado de Nuevo León.
• Los gastos que se ocasionen en la colocación de mecanismos de controles así como su retiro para la restricción temporal correrán a cargo de los vecinos que solicitaron la medida.","la dirección de participación ciudadana analizará los elementos aportados y emitirá una opinión mediante lacual proponga la aprobación o negativa de la autorización.
ésta autorización será turnada a la comisión de participación ciudadana del ayuntamiento de monterrey para su respectiva deliberación.
la comisión de participación ciudadana es la encargada de la recepción y estudio de la opinión presentada por la dirección de participación ciudadana, la elaboración del dictamen respectivo y su presentación ante el ayuntamiento para la aprobación o negativa del mismo.
la autorización será por tiempo determinado y no podrá exceder de 4 años.
la autorización del ayuntamiento será publicada en la gaceta municipal y el en periódico oficial del estado de nuevo león.
los gastos que se ocasionen en la colocación de mecanismos de controles así como su retiro para la restricción temporal correrán a cargo de los vecinos que solicitaron la medida.",Municipal,Reglamento,"Reglamento para Regular el Acceso Vial y Mejorar la Seguridad de los Vecinos en el Municipio de Monterrey, Nuevo León.",6,
309,• Debe existir disponibilidad de cupo,debe existir disponibilidad de cupo,Municipal,Reglamento,Reglamento de la Administración Pública Municipal de Monterrey,126,"VI, VII y XVI"
310,Debe programar el servicio,debe programar el servicio,Municipal,Reglamento,Reglamento de la Administración Pública Municipal de Monterrey,126,"VI, VII y XVI"
311,• Debe ser habitante del municipio de Monterrey.,debe ser habitante del municipio de monterrey.,Municipal,Reglamento,Reglamento de la Administración Pública Municipal de Monterrey,139,V
312,• Tener discapacidad motora o alguna alteración física permanente o transitoria.,tener discapacidad motora o alguna alteración física permanente o transitoria.,Municipal,Reglamento,Reglamento de la Administración Pública Municipal de Monterrey,139,V
313,Debe existir disponibilidad de cupo,debe existir disponibilidad de cupo,Municipal,Reglamento,Reglamento de la Administración Pública Municipal de Monterrey,127,VIII y XIII
314,"De ser autorizado, se deberá cubrir el costo del trámite correspondiente.","de ser autorizado, se deberá cubrir el costo del trámite correspondiente.",Municipal,Reglamento,Reglamento de Tránsito y Vialidad del Municipio de Monterrey,46 BIS,
315,La Secretaría determinará la viabilidad de realizar la maniobra de carga y descarga en la zona solicitada.,la secretaría determinará la viabilidad de realizar la maniobra de carga y descarga en la zona solicitada.,Municipal,Reglamento,Reglamento de Tránsito y Vialidad del Municipio de Monterrey,46 BIS,
316,cumplir con los requisitos,cumplir con los requisitos,Municipal,Reglamento,Reglamento de Tránsito y Vialidad del Municipio de Monterrey,64,
317,El parque público deberá estar disponible.,el parque público deberá estar disponible.,Municipal,Reglamento,Reglamento de la Administración Pública Municipal de Monterrey,83,ll
318,"Contar con la documentación requerida para el trámite del permiso, de acuerdo al vigente Reglamento de Tránsito y Vialidad.","contar con la documentación requerida para el trámite del permiso, de acuerdo al vigente reglamento de tránsito y vialidad.",Municipal,Reglamento,Reglamento de Tránsito y Vialidad del Municipio de Monterrey,43 y 44,
319,Cumplir con los supuestos del tramite,cumplir con los supuestos del tramite,Municipal,Reglamento,Reglamento de Tránsito y Vialidad del Municipio de Monterrey,45 y 44,
320,Haber cubierto la cuota estipulada que corresponda a cada trámite.,haber cubierto la cuota estipulada que corresponda a cada trámite.,Municipal,Reglamento,Reglamento de Tránsito y Vialidad del Municipio de Monterrey,44 y 44,
321,• Cumplir con los criterios establecidos para realizar su actividad comercial.,cumplir con los criterios establecidos para realizar su actividad comercial.,Municipal,Reglamento,"Reglamento para el Uso de la Vía Pública en el Ejercicio de la Actividad Comercial en Monterrey, Nuevo León.",27,
322,Presentar la solicitud debidamente llenada y firmada.,presentar la solicitud debidamente llenada y firmada.,Municipal,Reglamento,"Reglamento para el Uso de la Vía Pública en el Ejercicio de la Actividad Comercial en Monterrey, Nuevo León.",27,
323,• Presentar los vistos buenos y certificados de salud afirmativos y vigentes y toda la documentación requerida.,presentar los vistos buenos y certificados de salud afirmativos y vigentes y toda la documentación requerida.,Municipal,Reglamento,"Reglamento para el Uso de la Vía Pública en el Ejercicio de la Actividad Comercial en Monterrey, Nuevo León.",27,
324,"Con base a la demanda y horarios solicitados, la Secretaría de Seguridad Pública y Vialidad determinará el tipo de apoyo que se proporcionará para solucionar la problemática, previo estudio vial.","con base a la demanda y horarios solicitados, la secretaría de seguridad pública y vialidad determinará el tipo de apoyo que se proporcionará para solucionar la problemática, previo estudio vial.",Municipal,Reglamento,Reglamento de Tránsito y Vialidad del Municipio de Monterrey,133 BIS,
325,Que la ubicación del servicio solicitado se encuentre dentro de la jurisdicción del Municipio.,que la ubicación del servicio solicitado se encuentre dentro de la jurisdicción del municipio.,Municipal,Reglamento,Reglamento de Tránsito y Vialidad del Municipio de Monterrey,133 BIS,
326,Debe existir disponibilidad del grupo,debe existir disponibilidad del grupo,Municipal,Reglamento,Reglamento de la Administración Pública Municipal de Monterrey,128,XIV
327,• Generar como máximo 5 kilogramos de residuos sólidos no peligrosos diarios.,generar como máximo 5 kilogramos de residuos sólidos no peligrosos diarios.,Municipal,Reglamento,Reglamento de Limpia para el Municipio de Monterrey.,11,c)
328,Realizar el pago correspondiente en Tesorería del municipio.,realizar el pago correspondiente en tesorería del municipio.,Municipal,Reglamento,Reglamento de Limpia para el Municipio de Monterrey.,13,VI
329,• El servicio se brinda únicamente dentro del municipio de Monterrey.,el servicio se brinda únicamente dentro del municipio de monterrey.,Municipal,Reglamento,Reglamento de Limpia para el Municipio de Monterrey.,5,
330,Entregar la documentación requerida.,entregar la documentación requerida.,Municipal,Reglamento,Reglamento de Limpia para el Municipio de Monterrey.,10,
331,• Es necesario estar al corriente con el pago del impuesto predial,es necesario estar al corriente con el pago del impuesto predial,Municipal,Reglamento,Reglamento de Limpia para el Municipio de Monterrey.,15,III
332,• Trámite exclusivo para casa habitación.,trámite exclusivo para casa habitación.,Municipal,Reglamento,Reglamento de Limpia para el Municipio de Monterrey.,15,
333,• Generar entre de 5 y máximo 10 kilogramos de residuos sólidos no peligrosos diarios.,generar entre de 5 y máximo 10 kilogramos de residuos sólidos no peligrosos diarios.,Municipal,Reglamento,Reglamento de Limpia para el Municipio de Monterrey.,11,c)
334,• Realizar el pago correspondiente en Tesorería del municipio.,realizar el pago correspondiente en tesorería del municipio.,Municipal,Reglamento,Reglamento de Limpia para el Municipio de Monterrey.,14,VII
335,Debe ser habitante del municipio de Monterrey,debe ser habitante del municipio de monterrey,Municipal,Reglamento,Reglamento de la Administración Pública Municipal de Monterrey,138,l y lll
336,Presentar toda la documentación solicitada,presentar toda la documentación solicitada,Municipal,Reglamento,Reglamento de la Administración Pública Municipal de Monterrey,138,l y lll
337,• Debe ser habitante del municipio de Monterrey.,debe ser habitante del municipio de monterrey.,Municipal,Reglamento,Reglamento de la Administración Pública Municipal de Monterrey,139,V
338,• Tener discapacidad intelectual leve a moderada.,tener discapacidad intelectual leve a moderada.,Municipal,Reglamento,Reglamento de la Administración Pública Municipal de Monterrey,139,V
339,• Tener entre 18 y 40 años de edad.,tener entre 18 y 40 años de edad.,Municipal,Reglamento,Reglamento de la Administración Pública Municipal de Monterrey,139,
340,"• Llenar solicitud de testamento con puño y letra, o en caso de no saber leer y escribir, deberá ser llenada por 2 testigos que el interesado indique ante los abogados.","llenar solicitud de testamento con puño y letra, o en caso de no saber leer y escribir, deberá ser llenada por 2 testigos que el interesado indique ante los abogados.",Municipal,Reglamento,Reglamento de la Administración Pública Municipal de Monterrey,131,X
341,"• Los testigos y el interesado deben conocerse entre sí y no deben de tener parentesco con el interesado o con los herederos, deben saber leer y escribir bien para llenar la solicitud de testamento el día del trámite, presentar original y copia de credencial de elector o pasaporte mexicano vigente.","los testigos y el interesado deben conocerse entre sí y no deben de tener parentesco con el interesado o con los herederos, deben saber leer y escribir bien para llenar la solicitud de testamento el día del trámite, presentar original y copia de credencial de elector o pasaporte mexicano vigente.",Municipal,Reglamento,Reglamento de la Administración Pública Municipal de Monterrey,131,X
342,• Presentar escritura de la propiedad si es de FOMERREY o TIERRA PROPIA.,presentar escritura de la propiedad si es de fomerrey o tierra propia.,Municipal,Reglamento,Reglamento de la Administración Pública Municipal de Monterrey,131,X
343,• Debe ser habitante del municipio de Monterrey.,debe ser habitante del municipio de monterrey.,Municipal,Reglamento,Reglamento de la Administración Pública Municipal de Monterrey,139,V
344,• Hacer la solicitud con un mínimo de 5 días antes de la fecha requerida.,hacer la solicitud con un mínimo de 5 días antes de la fecha requerida.,Municipal,Reglamento,Reglamento de la Administración Pública Municipal de Monterrey,139,
345,• Ser usuario(a) de los servicios que brinda la Dirección de Atención a Personas con Discapacidad.,ser usuario(a) de los servicios que brinda la dirección de atención a personas con discapacidad.,Municipal,Reglamento,Reglamento de la Administración Pública Municipal de Monterrey,139,
346,• Trasladarse a los espacios destinados para su atención.,trasladarse a los espacios destinados para su atención.,Municipal,Reglamento,Reglamento de la Administración Pública Municipal de Monterrey,139,